target,n,train_mae,train_rmse
his_len,33,0.14543046344021945,0.18429789491079018
max_attempts,33,0.2244251005049312,0.3284202745551855
